/*
Navicat SQL Server Data Transfer

Source Server         : local_sqlserver
Source Server Version : 110000
Source Host           : localhost:1433
Source Database       : demo
Source Schema         : dbo

Target Server Type    : SQL Server
Target Server Version : 110000
File Encoding         : 65001

Date: 2018-01-20 21:08:56
*/


-- ----------------------------
-- Table structure for SECURITY_GROUP
-- ----------------------------
CREATE TABLE [dbo].[SECURITY_GROUP] (
[GRP_ID] nvarchar(36) NOT NULL ,
[GRP_CODE] nvarchar(32) NULL ,
[GRP_NAME] nvarchar(32) NULL ,
[GRP_PID] nvarchar(36) NULL ,
[GRP_DESC] nvarchar(128) NULL ,
[GRP_STATE] nvarchar(1) NULL ,
[GRP_SORT] int NULL ,
[GRP_TYPE] nvarchar(32) NULL ,
[GRP_RANK] nvarchar(32) NULL 
);

-- ----------------------------
-- Records of SECURITY_GROUP
-- ----------------------------
INSERT INTO [dbo].[SECURITY_GROUP] ([GRP_ID], [GRP_CODE], [GRP_NAME], [GRP_PID], [GRP_DESC], [GRP_STATE], [GRP_SORT], [GRP_TYPE], [GRP_RANK]) VALUES (N'00000000-0000-0000-00000000000000000', N'Root', N'公司集团', null, null, N'1', N'0', N'company', N'1')
;
INSERT INTO [dbo].[SECURITY_GROUP] ([GRP_ID], [GRP_CODE], [GRP_NAME], [GRP_PID], [GRP_DESC], [GRP_STATE], [GRP_SORT], [GRP_TYPE], [GRP_RANK]) VALUES (N'19690068-D8B4-4B97-8E4D-5D837A8B9AD5', N'C0006', N'行政部', N'EEDB6308-A8A9-40CF-A078-4606B6EF4622', N'', N'1', N'5', N'department', N'1')
;
INSERT INTO [dbo].[SECURITY_GROUP] ([GRP_ID], [GRP_CODE], [GRP_NAME], [GRP_PID], [GRP_DESC], [GRP_STATE], [GRP_SORT], [GRP_TYPE], [GRP_RANK]) VALUES (N'1C023241-9315-4764-A7F1-7E90537CD7A7', N'A0001', N'技术部', N'00000000-0000-0000-00000000000000000', N'', N'1', N'3', N'department', N'1')
;
INSERT INTO [dbo].[SECURITY_GROUP] ([GRP_ID], [GRP_CODE], [GRP_NAME], [GRP_PID], [GRP_DESC], [GRP_STATE], [GRP_SORT], [GRP_TYPE], [GRP_RANK]) VALUES (N'3A26DB2F-ECA1-4C89-A971-94F501EFCD41', N'D0001', N'上海分公司', N'00000000-0000-0000-00000000000000000', N'', N'1', N'6', N'company', N'1')
;
INSERT INTO [dbo].[SECURITY_GROUP] ([GRP_ID], [GRP_CODE], [GRP_NAME], [GRP_PID], [GRP_DESC], [GRP_STATE], [GRP_SORT], [GRP_TYPE], [GRP_RANK]) VALUES (N'6FC0686E-39D0-4DCE-AF54-A80738EAA28B', N'C0005', N'销售部', N'EEDB6308-A8A9-40CF-A078-4606B6EF4622', N'', N'1', N'4', N'department', N'1')
;
INSERT INTO [dbo].[SECURITY_GROUP] ([GRP_ID], [GRP_CODE], [GRP_NAME], [GRP_PID], [GRP_DESC], [GRP_STATE], [GRP_SORT], [GRP_TYPE], [GRP_RANK]) VALUES (N'8BF2F65A-6765-46CC-A853-9B75304FC7FD', N'002.01', N'技术部', N'EEDB6308-A8A9-40CF-A078-4606B6EF4622', N'', N'1', N'2', N'department', N'1')
;
INSERT INTO [dbo].[SECURITY_GROUP] ([GRP_ID], [GRP_CODE], [GRP_NAME], [GRP_PID], [GRP_DESC], [GRP_STATE], [GRP_SORT], [GRP_TYPE], [GRP_RANK]) VALUES (N'B17F9D2B-837F-4247-8A34-19E71BFC6DB4', N'D0006', N'销售部', N'3A26DB2F-ECA1-4C89-A971-94F501EFCD41', N'', N'1', N'4', N'department', N'1')
;
INSERT INTO [dbo].[SECURITY_GROUP] ([GRP_ID], [GRP_CODE], [GRP_NAME], [GRP_PID], [GRP_DESC], [GRP_STATE], [GRP_SORT], [GRP_TYPE], [GRP_RANK]) VALUES (N'B6F11BD3-DE55-4F14-A400-540B9E4F45F3', N'A0002', N'信息部', N'00000000-0000-0000-00000000000000000', N'', N'1', N'2', N'department', N'1')
;
INSERT INTO [dbo].[SECURITY_GROUP] ([GRP_ID], [GRP_CODE], [GRP_NAME], [GRP_PID], [GRP_DESC], [GRP_STATE], [GRP_SORT], [GRP_TYPE], [GRP_RANK]) VALUES (N'DFA63AC0-6D21-443F-B26C-97118A1808B8', N'D0002', N'技术部', N'3A26DB2F-ECA1-4C89-A971-94F501EFCD41', N'', N'1', N'1', N'department', N'2')
;
INSERT INTO [dbo].[SECURITY_GROUP] ([GRP_ID], [GRP_CODE], [GRP_NAME], [GRP_PID], [GRP_DESC], [GRP_STATE], [GRP_SORT], [GRP_TYPE], [GRP_RANK]) VALUES (N'E068CD3C-E676-4601-B5B8-5CB9F04C5D37', N'C0002', N'信息部', N'EEDB6308-A8A9-40CF-A078-4606B6EF4622', N'', N'1', N'3', N'department', N'1')
;
INSERT INTO [dbo].[SECURITY_GROUP] ([GRP_ID], [GRP_CODE], [GRP_NAME], [GRP_PID], [GRP_DESC], [GRP_STATE], [GRP_SORT], [GRP_TYPE], [GRP_RANK]) VALUES (N'E13A2B44-8965-4023-9394-71CA9BF4B899', N'D0005', N'信息部', N'3A26DB2F-ECA1-4C89-A971-94F501EFCD41', N'', N'1', N'3', N'department', N'1')
;
INSERT INTO [dbo].[SECURITY_GROUP] ([GRP_ID], [GRP_CODE], [GRP_NAME], [GRP_PID], [GRP_DESC], [GRP_STATE], [GRP_SORT], [GRP_TYPE], [GRP_RANK]) VALUES (N'E49B519B-7DC3-4104-BEBF-CC0B05833A49', N'A0003', N'行政部', N'00000000-0000-0000-00000000000000000', N'', N'1', N'4', N'department', N'1')
;
INSERT INTO [dbo].[SECURITY_GROUP] ([GRP_ID], [GRP_CODE], [GRP_NAME], [GRP_PID], [GRP_DESC], [GRP_STATE], [GRP_SORT], [GRP_TYPE], [GRP_RANK]) VALUES (N'EEDB6308-A8A9-40CF-A078-4606B6EF4622', N'B0001', N'北京分公司', N'00000000-0000-0000-00000000000000000', N'', N'1', N'5', N'company', N'1')
;
INSERT INTO [dbo].[SECURITY_GROUP] ([GRP_ID], [GRP_CODE], [GRP_NAME], [GRP_PID], [GRP_DESC], [GRP_STATE], [GRP_SORT], [GRP_TYPE], [GRP_RANK]) VALUES (N'FE8A88A0-5CFB-42C7-B398-E4AE74A8E39D', N'D0003', N'行政部', N'3A26DB2F-ECA1-4C89-A971-94F501EFCD41', N'', null, N'2', N'department', N'1')
;

-- ----------------------------
-- Table structure for SECURITY_GROUP_AUTH
-- ----------------------------
CREATE TABLE [dbo].[SECURITY_GROUP_AUTH] (
[GRP_AUTH_ID] nvarchar(36) NOT NULL ,
[GRP_ID] nvarchar(36) NULL ,
[RES_TYPE] nvarchar(32) NULL ,
[RES_ID] nvarchar(36) NULL 
)


;

-- ----------------------------
-- Records of SECURITY_GROUP_AUTH
-- ----------------------------
INSERT INTO [dbo].[SECURITY_GROUP_AUTH] ([GRP_AUTH_ID], [GRP_ID], [RES_TYPE], [RES_ID]) VALUES (N'4C20EDAC-0A0B-45BB-8B71-B557A94E7429', N'B6F11BD3-DE55-4F14-A400-540B9E4F45F3', N'Navigater', N'02')
;

-- ----------------------------
-- Table structure for SECURITY_RG_AUTH
-- ----------------------------
CREATE TABLE [dbo].[SECURITY_RG_AUTH] (
[RG_AUTH_ID] nchar(36) NOT NULL ,
[RG_ID] nchar(36) NULL ,
[RES_TYPE] nvarchar(32) NULL ,
[RES_ID] nchar(36) NULL 
)


;

-- ----------------------------
-- Records of SECURITY_RG_AUTH
-- ----------------------------
INSERT INTO [dbo].[SECURITY_RG_AUTH] ([RG_AUTH_ID], [RG_ID], [RES_TYPE], [RES_ID]) VALUES (N'C922C243-8C3C-479B-9E84-792EDAEDEB43', N'A0CFD5D1-6D43-4A74-8A92-1B06F6AB95D3', N'Menu', N'E31A6BD9-8842-4F16-A2B2-929A2E831173')
;
INSERT INTO [dbo].[SECURITY_RG_AUTH] ([RG_AUTH_ID], [RG_ID], [RES_TYPE], [RES_ID]) VALUES (N'DAC29F7B-3498-4227-940A-70F3E930C00B', N'A0CFD5D1-6D43-4A74-8A92-1B06F6AB95D3', N'Menu', N'8F1E1FC2-423E-4216-BBEF-916DEE23DEDC')
;
INSERT INTO [dbo].[SECURITY_RG_AUTH] ([RG_AUTH_ID], [RG_ID], [RES_TYPE], [RES_ID]) VALUES (N'E86369BD-6B18-4E62-947A-56C1C265F232', N'A0CFD5D1-6D43-4A74-8A92-1B06F6AB95D3', N'Menu', N'00000000-0000-0000-00000000000000000')
;

-- ----------------------------
-- Table structure for SECURITY_ROLE
-- ----------------------------
CREATE TABLE [dbo].[SECURITY_ROLE] (
[ROLE_ID] nvarchar(36) NOT NULL ,
[ROLE_CODE] nvarchar(32) NULL ,
[ROLE_NAME] nvarchar(32) NULL ,
[ROLE_TYPE] nvarchar(32) NULL ,
[ROLE_PID] nvarchar(36) NULL ,
[ROLE_DESC] nvarchar(128) NULL ,
[ROLE_STATE] nvarchar(32) NULL ,
[ROLE_SORT] int NULL 
)


;

-- ----------------------------
-- Records of SECURITY_ROLE
-- ----------------------------
INSERT INTO [dbo].[SECURITY_ROLE] ([ROLE_ID], [ROLE_CODE], [ROLE_NAME], [ROLE_TYPE], [ROLE_PID], [ROLE_DESC], [ROLE_STATE], [ROLE_SORT]) VALUES (N'00000000-0000-0000-00000000000000000', N'System', N'系统角色', N'menu', null, null, N'1', null)
;
INSERT INTO [dbo].[SECURITY_ROLE] ([ROLE_ID], [ROLE_CODE], [ROLE_NAME], [ROLE_TYPE], [ROLE_PID], [ROLE_DESC], [ROLE_STATE], [ROLE_SORT]) VALUES (N'8752C789-44BD-4941-AEF1-B9CC8B5C3CC6', N'ITManager', N'IT主管', N'part', N'00000000-0000-0000-00000000000000000', N'', N'1', N'3')
;

-- ----------------------------
-- Table structure for SECURITY_ROLE_AUTH
-- ----------------------------
CREATE TABLE [dbo].[SECURITY_ROLE_AUTH] (
[ROLE_AUTH_ID] nvarchar(36) NOT NULL ,
[ROLE_ID] nvarchar(36) NULL ,
[RES_TYPE] nvarchar(32) NULL ,
[RES_ID] nvarchar(36) NULL 
)


;

-- ----------------------------
-- Records of SECURITY_ROLE_AUTH
-- ----------------------------
INSERT INTO [dbo].[SECURITY_ROLE_AUTH] ([ROLE_AUTH_ID], [ROLE_ID], [RES_TYPE], [RES_ID]) VALUES (N'586BF6FA-4066-4C65-9352-C0A17B6E2170', N'8752C789-44BD-4941-AEF1-B9CC8B5C3CC6', N'Menu', N'00000000-0000-0000-00000000000000000')
;

-- ----------------------------
-- Table structure for SECURITY_ROLE_GROUP_REL
-- ----------------------------
CREATE TABLE [dbo].[SECURITY_ROLE_GROUP_REL] (
[RG_ID] nchar(36) NOT NULL ,
[GRP_ID] nvarchar(36) NOT NULL ,
[ROLE_ID] nvarchar(36) NOT NULL 
)


;

-- ----------------------------
-- Records of SECURITY_ROLE_GROUP_REL
-- ----------------------------
INSERT INTO [dbo].[SECURITY_ROLE_GROUP_REL] ([RG_ID], [GRP_ID], [ROLE_ID]) VALUES (N'A0CFD5D1-6D43-4A74-8A92-1B06F6AB95D3', N'00000000-0000-0000-00000000000000000', N'8752C789-44BD-4941-AEF1-B9CC8B5C3CC6')
;
INSERT INTO [dbo].[SECURITY_ROLE_GROUP_REL] ([RG_ID], [GRP_ID], [ROLE_ID]) VALUES (N'F49AD3BA-A714-44E7-9B97-4B4F595C20F1', N'B6F11BD3-DE55-4F14-A400-540B9E4F45F3', N'8752C789-44BD-4941-AEF1-B9CC8B5C3CC6')
;

-- ----------------------------
-- Table structure for SECURITY_USER
-- ----------------------------
CREATE TABLE [dbo].[SECURITY_USER] (
[USER_ID] nvarchar(36) NOT NULL ,
[USER_CODE] nvarchar(32) NULL ,
[USER_NAME] nvarchar(32) NULL ,
[USER_PWD] nvarchar(32) NULL ,
[USER_SEX] nvarchar(1) NULL ,
[USER_DESC] nvarchar(128) NULL ,
[USER_STATE] nvarchar(32) NULL ,
[USER_SORT] int NULL ,
[USER_MAIL] nvarchar(64) NULL ,
[USER_PHONE] nvarchar(64) NULL 
)


;

-- ----------------------------
-- Records of SECURITY_USER
-- ----------------------------
INSERT INTO [dbo].[SECURITY_USER] ([USER_ID], [USER_CODE], [USER_NAME], [USER_PWD], [USER_SEX], [USER_DESC], [USER_STATE], [USER_SORT], [USER_MAIL], [USER_PHONE]) VALUES (N'4820B253-DF9A-476F-B1B1-1D21754256CF', N'user', N'默认用户', N'4124BC0A9335C27F086F24BA207A4912', N'M', N'默认内置用户，勿删！！', N'1', N'2', N'', N'')
;
INSERT INTO [dbo].[SECURITY_USER] ([USER_ID], [USER_CODE], [USER_NAME], [USER_PWD], [USER_SEX], [USER_DESC], [USER_STATE], [USER_SORT], [USER_MAIL], [USER_PHONE]) VALUES (N'7DE6ED51-3F4B-4BE6-84A6-17BC6186CC24', N'admin', N'管理员', N'21232F297A57A5A743894A0E4A801FC3', N'M', N'内置账户，勿删！！', N'1', N'1', null, null)
;

-- ----------------------------
-- Table structure for SECURITY_USER_AUTH
-- ----------------------------
CREATE TABLE [dbo].[SECURITY_USER_AUTH] (
[USER_AUTH_ID] nvarchar(36) NOT NULL ,
[USER_ID] nvarchar(36) NULL ,
[RES_TYPE] nvarchar(32) NULL ,
[RES_ID] nvarchar(36) NULL 
)


;

-- ----------------------------
-- Records of SECURITY_USER_AUTH
-- ----------------------------
INSERT INTO [dbo].[SECURITY_USER_AUTH] ([USER_AUTH_ID], [USER_ID], [RES_TYPE], [RES_ID]) VALUES (N'1279D0FE-B366-4D7E-9C99-B6B3424387F3', N'B64DCBC3-F28A-4DC8-92F1-1FB10367CACC', N'Menu', N'00000000-0000-0000-00000000000000000')
;
INSERT INTO [dbo].[SECURITY_USER_AUTH] ([USER_AUTH_ID], [USER_ID], [RES_TYPE], [RES_ID]) VALUES (N'4B523CC8-775A-49A1-BF87-28A7FD05B81F', N'7DE6ED51-3F4B-4BE6-84A6-17BC6186CC24', N'Menu', N'271576B9-3F0F-49B6-8505-3999FDB3E795')
;
INSERT INTO [dbo].[SECURITY_USER_AUTH] ([USER_AUTH_ID], [USER_ID], [RES_TYPE], [RES_ID]) VALUES (N'5194F17D-B001-44EE-9FAB-21F836CB49A8', N'B64DCBC3-F28A-4DC8-92F1-1FB10367CACC', N'Handler', N'494DF09B-7573-4CCA-85C1-97F4DC58C86B')
;
INSERT INTO [dbo].[SECURITY_USER_AUTH] ([USER_AUTH_ID], [USER_ID], [RES_TYPE], [RES_ID]) VALUES (N'63253005-BECA-4C51-A764-C36342DA009F', N'B64DCBC3-F28A-4DC8-92F1-1FB10367CACC', N'Menu', N'00000000-0000-0000-00000000000000001')
;
INSERT INTO [dbo].[SECURITY_USER_AUTH] ([USER_AUTH_ID], [USER_ID], [RES_TYPE], [RES_ID]) VALUES (N'7CDFBA30-A40B-4958-820F-37171A5782C5', N'7DE6ED51-3F4B-4BE6-84A6-17BC6186CC24', N'Menu', N'11CB05AE-204D-4207-9AF6-ABB7084F0C25')
;
INSERT INTO [dbo].[SECURITY_USER_AUTH] ([USER_AUTH_ID], [USER_ID], [RES_TYPE], [RES_ID]) VALUES (N'81882EE9-6E6C-4BEF-9F41-55D135784C0C', N'7DE6ED51-3F4B-4BE6-84A6-17BC6186CC24', N'Menu', N'D3FAC05D-12F3-4576-ABC6-DAD037D1F4F9')
;
INSERT INTO [dbo].[SECURITY_USER_AUTH] ([USER_AUTH_ID], [USER_ID], [RES_TYPE], [RES_ID]) VALUES (N'97F07CAD-F046-48FB-B03B-5A0AA049FBD5', N'B64DCBC3-F28A-4DC8-92F1-1FB10367CACC', N'Menu', N'67BA273A-DD31-48D0-B78C-1D60D5316074')
;
INSERT INTO [dbo].[SECURITY_USER_AUTH] ([USER_AUTH_ID], [USER_ID], [RES_TYPE], [RES_ID]) VALUES (N'CB82AB8B-2066-4647-B8B3-2E2BFC0394CF', N'7DE6ED51-3F4B-4BE6-84A6-17BC6186CC24', N'Menu', N'590EE84E-5EC9-4197-A37C-CE67E191DC56')
;
INSERT INTO [dbo].[SECURITY_USER_AUTH] ([USER_AUTH_ID], [USER_ID], [RES_TYPE], [RES_ID]) VALUES (N'D76FA80F-51AB-4A5B-9594-6DAE53A3C1E3', N'B64DCBC3-F28A-4DC8-92F1-1FB10367CACC', N'Operation', N'3EC41FB8-ED98-41F3-B86D-F7473AEDD002')
;
INSERT INTO [dbo].[SECURITY_USER_AUTH] ([USER_AUTH_ID], [USER_ID], [RES_TYPE], [RES_ID]) VALUES (N'E3BB835C-FE79-4B8B-B412-91A0B7D92CCA', N'7DE6ED51-3F4B-4BE6-84A6-17BC6186CC24', N'Menu', N'00000000-0000-0000-00000000000000000')
;
INSERT INTO [dbo].[SECURITY_USER_AUTH] ([USER_AUTH_ID], [USER_ID], [RES_TYPE], [RES_ID]) VALUES (N'ECCA6C17-0077-4FDA-94A7-D4637AD5D8AC', N'7DE6ED51-3F4B-4BE6-84A6-17BC6186CC24', N'Menu', N'B7836820-C2E2-4A87-8497-A1B22A0EA9E0')
;

-- ----------------------------
-- Table structure for SECURITY_USER_GROUP_REL
-- ----------------------------
CREATE TABLE [dbo].[SECURITY_USER_GROUP_REL] (
[GU_ID] nchar(36) NOT NULL ,
[GRP_ID] nvarchar(36) NULL ,
[USER_ID] nvarchar(36) NULL 
)


;

-- ----------------------------
-- Records of SECURITY_USER_GROUP_REL
-- ----------------------------
INSERT INTO [dbo].[SECURITY_USER_GROUP_REL] ([GU_ID], [GRP_ID], [USER_ID]) VALUES (N'0665161F-029D-4329-9EE7-3F035DC4CB34', N'00000000-0000-0000-00000000000000000', N'7DE6ED51-3F4B-4BE6-84A6-17BC6186CC24')
;
INSERT INTO [dbo].[SECURITY_USER_GROUP_REL] ([GU_ID], [GRP_ID], [USER_ID]) VALUES (N'096126DD-39AB-44CF-A09E-671AD00BF5F8', N'B6F11BD3-DE55-4F14-A400-540B9E4F45F3', N'9A0A9DE7-608A-4B2B-B1C7-F6C11FD1A94E')
;
INSERT INTO [dbo].[SECURITY_USER_GROUP_REL] ([GU_ID], [GRP_ID], [USER_ID]) VALUES (N'09DF8B4D-FC87-48F0-B799-EEDA383DB808', N'B6F11BD3-DE55-4F14-A400-540B9E4F45F3', N'B64DCBC3-F28A-4DC8-92F1-1FB10367CACC')
;

-- ----------------------------
-- Table structure for SECURITY_USER_RG_REL
-- ----------------------------
CREATE TABLE [dbo].[SECURITY_USER_RG_REL] (
[URG_ID] nvarchar(36) NOT NULL ,
[USER_ID] nvarchar(36) NULL ,
[RG_ID] nvarchar(36) NULL 
)


;

-- ----------------------------
-- Records of SECURITY_USER_RG_REL
-- ----------------------------

-- ----------------------------
-- Table structure for SYS_CODELIST
-- ----------------------------
CREATE TABLE [dbo].[SYS_CODELIST] (
[TYPE_ID] nvarchar(32) NOT NULL ,
[CODE_ID] nvarchar(64) NOT NULL ,
[CODE_NAME] nvarchar(64) NULL ,
[CODE_DESC] nvarchar(512) NULL ,
[CODE_SORT] int NULL ,
[CODE_FLAG] nvarchar(32) NULL 
)


;

-- ----------------------------
-- Records of SYS_CODELIST
-- ----------------------------
INSERT INTO [dbo].[SYS_CODELIST] ([TYPE_ID], [CODE_ID], [CODE_NAME], [CODE_DESC], [CODE_SORT], [CODE_FLAG]) VALUES (N'AuthedHandlerId', N'Bottom', N'BottomHandler', N'', N'1', N'1')
;
INSERT INTO [dbo].[SYS_CODELIST] ([TYPE_ID], [CODE_ID], [CODE_NAME], [CODE_DESC], [CODE_SORT], [CODE_FLAG]) VALUES (N'AuthedHandlerId', N'Building', N'BuildingHandler', N'', N'1', N'1')
;
INSERT INTO [dbo].[SYS_CODELIST] ([TYPE_ID], [CODE_ID], [CODE_NAME], [CODE_DESC], [CODE_SORT], [CODE_FLAG]) VALUES (N'AuthedHandlerId', N'Homepage', N'HomepageHandler', N'', N'1', N'1')
;
INSERT INTO [dbo].[SYS_CODELIST] ([TYPE_ID], [CODE_ID], [CODE_NAME], [CODE_DESC], [CODE_SORT], [CODE_FLAG]) VALUES (N'AuthedHandlerId', N'Lo;', N'Lo;Handler', N'', N'1', N'1')
;
INSERT INTO [dbo].[SYS_CODELIST] ([TYPE_ID], [CODE_ID], [CODE_NAME], [CODE_DESC], [CODE_SORT], [CODE_FLAG]) VALUES (N'AuthedHandlerId', N'MainWin', N'MainWinHandler', N'', N'1', N'1')
;
INSERT INTO [dbo].[SYS_CODELIST] ([TYPE_ID], [CODE_ID], [CODE_NAME], [CODE_DESC], [CODE_SORT], [CODE_FLAG]) VALUES (N'AuthedHandlerId', N'MenuTree', N'MenuTreeHandler', N'', N'1', N'1')
;
INSERT INTO [dbo].[SYS_CODELIST] ([TYPE_ID], [CODE_ID], [CODE_NAME], [CODE_DESC], [CODE_SORT], [CODE_FLAG]) VALUES (N'AuthedHandlerId', N'Navigater', N'NavigaterHandler', N'', N'1', N'1')
;
INSERT INTO [dbo].[SYS_CODELIST] ([TYPE_ID], [CODE_ID], [CODE_NAME], [CODE_DESC], [CODE_SORT], [CODE_FLAG]) VALUES (N'BOOL_DEFINE', N'N', N'否', N'', N'2', N'1')
;
INSERT INTO [dbo].[SYS_CODELIST] ([TYPE_ID], [CODE_ID], [CODE_NAME], [CODE_DESC], [CODE_SORT], [CODE_FLAG]) VALUES (N'BOOL_DEFINE', N'Y', N'是', N'', N'1', N'1')
;
INSERT INTO [dbo].[SYS_CODELIST] ([TYPE_ID], [CODE_ID], [CODE_NAME], [CODE_DESC], [CODE_SORT], [CODE_FLAG]) VALUES (N'CODE_TYPE_GROUP', N'app_code_define', N'应用编码', N'null', N'1', N'1')
;
INSERT INTO [dbo].[SYS_CODELIST] ([TYPE_ID], [CODE_ID], [CODE_NAME], [CODE_DESC], [CODE_SORT], [CODE_FLAG]) VALUES (N'CODE_TYPE_GROUP', N'sys_code_define', N'系统编码', N'系统编码123a1', N'3', N'1')
;
INSERT INTO [dbo].[SYS_CODELIST] ([TYPE_ID], [CODE_ID], [CODE_NAME], [CODE_DESC], [CODE_SORT], [CODE_FLAG]) VALUES (N'FUNCTION_TYPE', N'funcmenu', N'功能菜单', N'', N'1', N'1')
;
INSERT INTO [dbo].[SYS_CODELIST] ([TYPE_ID], [CODE_ID], [CODE_NAME], [CODE_DESC], [CODE_SORT], [CODE_FLAG]) VALUES (N'FUNCTION_TYPE', N'funcnode', N'功能节点', N'', N'1', N'1')
;
INSERT INTO [dbo].[SYS_CODELIST] ([TYPE_ID], [CODE_ID], [CODE_NAME], [CODE_DESC], [CODE_SORT], [CODE_FLAG]) VALUES (N'HANDLER_TYPE', N'MAIN', N'主控制器', N'', N'1', N'1')
;
INSERT INTO [dbo].[SYS_CODELIST] ([TYPE_ID], [CODE_ID], [CODE_NAME], [CODE_DESC], [CODE_SORT], [CODE_FLAG]) VALUES (N'HANDLER_TYPE', N'OTHER', N'其他控制器', N'', N'2', N'1')
;
INSERT INTO [dbo].[SYS_CODELIST] ([TYPE_ID], [CODE_ID], [CODE_NAME], [CODE_DESC], [CODE_SORT], [CODE_FLAG]) VALUES (N'INFO_TYPE', N'menu', N'目录', null, N'1', N'1')
;
INSERT INTO [dbo].[SYS_CODELIST] ([TYPE_ID], [CODE_ID], [CODE_NAME], [CODE_DESC], [CODE_SORT], [CODE_FLAG]) VALUES (N'INFO_TYPE', N'part', N'角色', null, N'2', N'1')
;
INSERT INTO [dbo].[SYS_CODELIST] ([TYPE_ID], [CODE_ID], [CODE_NAME], [CODE_DESC], [CODE_SORT], [CODE_FLAG]) VALUES (N'MENUTREE_CASCADE', N'0', N'关闭', N'', N'1', N'1')
;
INSERT INTO [dbo].[SYS_CODELIST] ([TYPE_ID], [CODE_ID], [CODE_NAME], [CODE_DESC], [CODE_SORT], [CODE_FLAG]) VALUES (N'MENUTREE_CASCADE', N'1', N'展开', N'', N'2', N'1')
;
INSERT INTO [dbo].[SYS_CODELIST] ([TYPE_ID], [CODE_ID], [CODE_NAME], [CODE_DESC], [CODE_SORT], [CODE_FLAG]) VALUES (N'OPER_CTR_TYPE', N'disableMode', N'不能操作', N'', N'2', N'1')
;
INSERT INTO [dbo].[SYS_CODELIST] ([TYPE_ID], [CODE_ID], [CODE_NAME], [CODE_DESC], [CODE_SORT], [CODE_FLAG]) VALUES (N'OPER_CTR_TYPE', N'hiddenMode', N'隐藏按钮', N'', N'1', N'1')
;
INSERT INTO [dbo].[SYS_CODELIST] ([TYPE_ID], [CODE_ID], [CODE_NAME], [CODE_DESC], [CODE_SORT], [CODE_FLAG]) VALUES (N'ORGNAZITION_RANK', N'1', N'一级', null, N'1', N'1')
;
INSERT INTO [dbo].[SYS_CODELIST] ([TYPE_ID], [CODE_ID], [CODE_NAME], [CODE_DESC], [CODE_SORT], [CODE_FLAG]) VALUES (N'ORGNAZITION_RANK', N'2', N'二级', null, N'2', N'1')
;
INSERT INTO [dbo].[SYS_CODELIST] ([TYPE_ID], [CODE_ID], [CODE_NAME], [CODE_DESC], [CODE_SORT], [CODE_FLAG]) VALUES (N'ORGNAZITION_RANK', N'3', N'三级', null, N'3', N'1')
;
INSERT INTO [dbo].[SYS_CODELIST] ([TYPE_ID], [CODE_ID], [CODE_NAME], [CODE_DESC], [CODE_SORT], [CODE_FLAG]) VALUES (N'ORGNAZITION_TYPE', N'company', N'公司', null, N'1', N'1')
;
INSERT INTO [dbo].[SYS_CODELIST] ([TYPE_ID], [CODE_ID], [CODE_NAME], [CODE_DESC], [CODE_SORT], [CODE_FLAG]) VALUES (N'ORGNAZITION_TYPE', N'department', N'部门', null, N'2', N'1')
;
INSERT INTO [dbo].[SYS_CODELIST] ([TYPE_ID], [CODE_ID], [CODE_NAME], [CODE_DESC], [CODE_SORT], [CODE_FLAG]) VALUES (N'POSITION_TYPE', N'dummy_postion', N'虚拟岗位', N'null', N'1', N'1')
;
INSERT INTO [dbo].[SYS_CODELIST] ([TYPE_ID], [CODE_ID], [CODE_NAME], [CODE_DESC], [CODE_SORT], [CODE_FLAG]) VALUES (N'POSITION_TYPE', N'real_postion', N'实际岗位', N'null', N'1', N'1')
;
INSERT INTO [dbo].[SYS_CODELIST] ([TYPE_ID], [CODE_ID], [CODE_NAME], [CODE_DESC], [CODE_SORT], [CODE_FLAG]) VALUES (N'RES_TYPE', N'IMAGE', N'图片文件', N'', N'2', N'1')
;
INSERT INTO [dbo].[SYS_CODELIST] ([TYPE_ID], [CODE_ID], [CODE_NAME], [CODE_DESC], [CODE_SORT], [CODE_FLAG]) VALUES (N'RES_TYPE', N'ISO', N'镜像文件', N'', N'1', N'1')
;
INSERT INTO [dbo].[SYS_CODELIST] ([TYPE_ID], [CODE_ID], [CODE_NAME], [CODE_DESC], [CODE_SORT], [CODE_FLAG]) VALUES (N'RES_TYPE', N'VIDEO', N'视频文件', N'', N'3', N'1')
;
INSERT INTO [dbo].[SYS_CODELIST] ([TYPE_ID], [CODE_ID], [CODE_NAME], [CODE_DESC], [CODE_SORT], [CODE_FLAG]) VALUES (N'SYS_VALID_TYPE', N'0', N'无效', N'null', N'2', N'1')
;
INSERT INTO [dbo].[SYS_CODELIST] ([TYPE_ID], [CODE_ID], [CODE_NAME], [CODE_DESC], [CODE_SORT], [CODE_FLAG]) VALUES (N'SYS_VALID_TYPE', N'1', N'有效', N'null', N'1', N'1')
;
INSERT INTO [dbo].[SYS_CODELIST] ([TYPE_ID], [CODE_ID], [CODE_NAME], [CODE_DESC], [CODE_SORT], [CODE_FLAG]) VALUES (N'UNIT_TYPE', N'dept', N'部门', N'', N'10', N'1')
;
INSERT INTO [dbo].[SYS_CODELIST] ([TYPE_ID], [CODE_ID], [CODE_NAME], [CODE_DESC], [CODE_SORT], [CODE_FLAG]) VALUES (N'UNIT_TYPE', N'org', N'机构', N'', N'20', N'1')
;
INSERT INTO [dbo].[SYS_CODELIST] ([TYPE_ID], [CODE_ID], [CODE_NAME], [CODE_DESC], [CODE_SORT], [CODE_FLAG]) VALUES (N'UNIT_TYPE', N'post', N'岗位', N'', N'30', N'1')
;
INSERT INTO [dbo].[SYS_CODELIST] ([TYPE_ID], [CODE_ID], [CODE_NAME], [CODE_DESC], [CODE_SORT], [CODE_FLAG]) VALUES (N'USER_SEX', N'F', N'女', N'', N'2', N'1')
;
INSERT INTO [dbo].[SYS_CODELIST] ([TYPE_ID], [CODE_ID], [CODE_NAME], [CODE_DESC], [CODE_SORT], [CODE_FLAG]) VALUES (N'USER_SEX', N'M', N'男', N'null', N'1', N'1')
;

-- ----------------------------
-- Table structure for SYS_CODETYPE
-- ----------------------------
CREATE TABLE [dbo].[SYS_CODETYPE] (
[TYPE_ID] nvarchar(32) NOT NULL ,
[TYPE_NAME] nvarchar(32) NULL ,
[TYPE_GROUP] nvarchar(32) NULL ,
[TYPE_DESC] nvarchar(128) NULL ,
[IS_CACHED] nchar(1) NULL ,
[IS_UNITEADMIN] nchar(1) NULL ,
[IS_EDITABLE] nchar(1) NULL ,
[LEGNTT_LIMIT] nvarchar(6) NULL ,
[CHARACTER_LIMIT] nchar(1) NULL ,
[EXTEND_SQL] nchar(1) NULL ,
[SQL_BODY] nvarchar(512) NULL ,
[SQL_COND] nvarchar(256) NULL 
)


;

-- ----------------------------
-- Records of SYS_CODETYPE
-- ----------------------------
INSERT INTO [dbo].[SYS_CODETYPE] ([TYPE_ID], [TYPE_NAME], [TYPE_GROUP], [TYPE_DESC], [IS_CACHED], [IS_UNITEADMIN], [IS_EDITABLE], [LEGNTT_LIMIT], [CHARACTER_LIMIT], [EXTEND_SQL], [SQL_BODY], [SQL_COND]) VALUES (N'AuthedHandlerId', N'认证Handler定义', N'sys_code_define', N'', N'Y', N'Y', N'Y', N'', N'B', N'N', N'', N'')
;
INSERT INTO [dbo].[SYS_CODETYPE] ([TYPE_ID], [TYPE_NAME], [TYPE_GROUP], [TYPE_DESC], [IS_CACHED], [IS_UNITEADMIN], [IS_EDITABLE], [LEGNTT_LIMIT], [CHARACTER_LIMIT], [EXTEND_SQL], [SQL_BODY], [SQL_COND]) VALUES (N'BOOL_DEFINE', N'布尔定义', N'sys_code_define', N'', N'Y', N'Y', N'Y', N'1', N'C', N' ', N'', N'')
;
INSERT INTO [dbo].[SYS_CODETYPE] ([TYPE_ID], [TYPE_NAME], [TYPE_GROUP], [TYPE_DESC], [IS_CACHED], [IS_UNITEADMIN], [IS_EDITABLE], [LEGNTT_LIMIT], [CHARACTER_LIMIT], [EXTEND_SQL], [SQL_BODY], [SQL_COND]) VALUES (N'CODE_TYPE_GROUP', N'编码类型分组', N'app_code_define', N'编码类型分组', null, null, null, null, null, null, null, null)
;
INSERT INTO [dbo].[SYS_CODETYPE] ([TYPE_ID], [TYPE_NAME], [TYPE_GROUP], [TYPE_DESC], [IS_CACHED], [IS_UNITEADMIN], [IS_EDITABLE], [LEGNTT_LIMIT], [CHARACTER_LIMIT], [EXTEND_SQL], [SQL_BODY], [SQL_COND]) VALUES (N'FUNCTION_TYPE', N'功能类型', N'sys_code_define', null, null, null, null, null, null, null, null, null)
;
INSERT INTO [dbo].[SYS_CODETYPE] ([TYPE_ID], [TYPE_NAME], [TYPE_GROUP], [TYPE_DESC], [IS_CACHED], [IS_UNITEADMIN], [IS_EDITABLE], [LEGNTT_LIMIT], [CHARACTER_LIMIT], [EXTEND_SQL], [SQL_BODY], [SQL_COND]) VALUES (N'HANDLER_TYPE', N'控制器类型', N'sys_code_define', N'', N'N', N'Y', N'Y', N'32', N'C', null, null, null)
;
INSERT INTO [dbo].[SYS_CODETYPE] ([TYPE_ID], [TYPE_NAME], [TYPE_GROUP], [TYPE_DESC], [IS_CACHED], [IS_UNITEADMIN], [IS_EDITABLE], [LEGNTT_LIMIT], [CHARACTER_LIMIT], [EXTEND_SQL], [SQL_BODY], [SQL_COND]) VALUES (N'INFO_TYPE', N'信息类别', N'app_code_define', N'', N'Y', N'Y', N'Y', N'', N' ', N'N', N'', N'')
;
INSERT INTO [dbo].[SYS_CODETYPE] ([TYPE_ID], [TYPE_NAME], [TYPE_GROUP], [TYPE_DESC], [IS_CACHED], [IS_UNITEADMIN], [IS_EDITABLE], [LEGNTT_LIMIT], [CHARACTER_LIMIT], [EXTEND_SQL], [SQL_BODY], [SQL_COND]) VALUES (N'MENUTREE_CASCADE', N'是否展开', N'sys_code_define', N'', N'Y', N'Y', N'Y', N'1', N'N', N'N', N'', N'')
;
INSERT INTO [dbo].[SYS_CODETYPE] ([TYPE_ID], [TYPE_NAME], [TYPE_GROUP], [TYPE_DESC], [IS_CACHED], [IS_UNITEADMIN], [IS_EDITABLE], [LEGNTT_LIMIT], [CHARACTER_LIMIT], [EXTEND_SQL], [SQL_BODY], [SQL_COND]) VALUES (N'OPER_CTR_TYPE', N'操作控制类型', N'sys_code_define', null, null, null, null, null, null, null, null, null)
;
INSERT INTO [dbo].[SYS_CODETYPE] ([TYPE_ID], [TYPE_NAME], [TYPE_GROUP], [TYPE_DESC], [IS_CACHED], [IS_UNITEADMIN], [IS_EDITABLE], [LEGNTT_LIMIT], [CHARACTER_LIMIT], [EXTEND_SQL], [SQL_BODY], [SQL_COND]) VALUES (N'ORGNAZITION_RANK', N'组织级别', N'app_code_define', null, N'Y', N'Y', N'Y', null, null, N'N', null, null)
;
INSERT INTO [dbo].[SYS_CODETYPE] ([TYPE_ID], [TYPE_NAME], [TYPE_GROUP], [TYPE_DESC], [IS_CACHED], [IS_UNITEADMIN], [IS_EDITABLE], [LEGNTT_LIMIT], [CHARACTER_LIMIT], [EXTEND_SQL], [SQL_BODY], [SQL_COND]) VALUES (N'ORGNAZITION_TYPE', N'组织类别', N'app_code_define', N'', N'Y', N'Y', N'Y', N'', N' ', N'N', N'', N'')
;
INSERT INTO [dbo].[SYS_CODETYPE] ([TYPE_ID], [TYPE_NAME], [TYPE_GROUP], [TYPE_DESC], [IS_CACHED], [IS_UNITEADMIN], [IS_EDITABLE], [LEGNTT_LIMIT], [CHARACTER_LIMIT], [EXTEND_SQL], [SQL_BODY], [SQL_COND]) VALUES (N'POSITION_TYPE', N'岗位类型', N'app_code_define', null, null, null, null, null, null, null, null, null)
;
INSERT INTO [dbo].[SYS_CODETYPE] ([TYPE_ID], [TYPE_NAME], [TYPE_GROUP], [TYPE_DESC], [IS_CACHED], [IS_UNITEADMIN], [IS_EDITABLE], [LEGNTT_LIMIT], [CHARACTER_LIMIT], [EXTEND_SQL], [SQL_BODY], [SQL_COND]) VALUES (N'RES_TYPE', N'资源类型', N'sys_code_define', N'', N'N', N'Y', N'Y', N'16', N'C', null, null, null)
;
INSERT INTO [dbo].[SYS_CODETYPE] ([TYPE_ID], [TYPE_NAME], [TYPE_GROUP], [TYPE_DESC], [IS_CACHED], [IS_UNITEADMIN], [IS_EDITABLE], [LEGNTT_LIMIT], [CHARACTER_LIMIT], [EXTEND_SQL], [SQL_BODY], [SQL_COND]) VALUES (N'SYS_VALID_TYPE', N'有效标识符', N'app_code_define', null, null, null, null, null, null, null, null, null)
;
INSERT INTO [dbo].[SYS_CODETYPE] ([TYPE_ID], [TYPE_NAME], [TYPE_GROUP], [TYPE_DESC], [IS_CACHED], [IS_UNITEADMIN], [IS_EDITABLE], [LEGNTT_LIMIT], [CHARACTER_LIMIT], [EXTEND_SQL], [SQL_BODY], [SQL_COND]) VALUES (N'UNIT_TYPE', N'单位类型', N'app_code_define', null, null, null, null, null, null, null, null, null)
;
INSERT INTO [dbo].[SYS_CODETYPE] ([TYPE_ID], [TYPE_NAME], [TYPE_GROUP], [TYPE_DESC], [IS_CACHED], [IS_UNITEADMIN], [IS_EDITABLE], [LEGNTT_LIMIT], [CHARACTER_LIMIT], [EXTEND_SQL], [SQL_BODY], [SQL_COND]) VALUES (N'USER_SEX', N'性别类型', N'sys_code_define', N'', N'N', N'Y', N'Y', N'16', N'C', null, null, null)
;

-- ----------------------------
-- Table structure for SYS_FUNCTION
-- ----------------------------
CREATE TABLE [dbo].[SYS_FUNCTION] (
[FUNC_ID] nvarchar(36) NOT NULL ,
[FUNC_NAME] nvarchar(64) NULL ,
[FUNC_TYPE] nvarchar(32) NULL ,
[MAIN_HANDLER] nvarchar(36) NULL ,
[FUNC_PID] nvarchar(36) NULL ,
[FUNC_STATE] nchar(1) NULL ,
[FUNC_SORT] int NULL ,
[FUNC_DESC] nvarchar(256) NULL ,
[FUNC_ICON] nvarchar(32) NULL 
)


;

-- ----------------------------
-- Records of SYS_FUNCTION
-- ----------------------------
INSERT INTO [dbo].[SYS_FUNCTION] ([FUNC_ID], [FUNC_NAME], [FUNC_TYPE], [MAIN_HANDLER], [FUNC_PID], [FUNC_STATE], [FUNC_SORT], [FUNC_DESC], [FUNC_ICON]) VALUES (N'00000000-0000-0000-00000000000000000', N'业务管理系统', N'funcmenu', null, null, N'1', null, null, null)
;
INSERT INTO [dbo].[SYS_FUNCTION] ([FUNC_ID], [FUNC_NAME], [FUNC_TYPE], [MAIN_HANDLER], [FUNC_PID], [FUNC_STATE], [FUNC_SORT], [FUNC_DESC], [FUNC_ICON]) VALUES (N'00000000-0000-0000-00000000000000001', N'系统管理', N'funcmenu', N'', N'00000000-0000-0000-00000000000000000', N'1', N'99', N'', null)
;
INSERT INTO [dbo].[SYS_FUNCTION] ([FUNC_ID], [FUNC_NAME], [FUNC_TYPE], [MAIN_HANDLER], [FUNC_PID], [FUNC_STATE], [FUNC_SORT], [FUNC_DESC], [FUNC_ICON]) VALUES (N'0855A94F-F8E0-42D6-A0DF-72F1D11C6D0B', N'投票管理', N'funcnode', N'87D4B614-DF7E-48D2-BA04-3A31728740D9', N'AD5188DB-BF4F-4CFB-853E-8CA469D3E477', N'1', N'3', N'', null)
;
INSERT INTO [dbo].[SYS_FUNCTION] ([FUNC_ID], [FUNC_NAME], [FUNC_TYPE], [MAIN_HANDLER], [FUNC_PID], [FUNC_STATE], [FUNC_SORT], [FUNC_DESC], [FUNC_ICON]) VALUES (N'2F0F133F-1A6F-4E01-AADD-5B11C97BE6A0', N'资源管理', N'funcnode', N'6479AF01-D00B-4A40-B502-98FAF8418E92', N'AD5188DB-BF4F-4CFB-853E-8CA469D3E477', N'1', N'5', N'', null)
;
INSERT INTO [dbo].[SYS_FUNCTION] ([FUNC_ID], [FUNC_NAME], [FUNC_TYPE], [MAIN_HANDLER], [FUNC_PID], [FUNC_STATE], [FUNC_SORT], [FUNC_DESC], [FUNC_ICON]) VALUES (N'36954650-E79A-4682-8AC2-D3A78461A3D4', N'资源分组', N'funcnode', N'0543DD98-8AE6-4DF1-990E-24CD51E73564', N'AD5188DB-BF4F-4CFB-853E-8CA469D3E477', N'1', N'4', N'', null)
;
INSERT INTO [dbo].[SYS_FUNCTION] ([FUNC_ID], [FUNC_NAME], [FUNC_TYPE], [MAIN_HANDLER], [FUNC_PID], [FUNC_STATE], [FUNC_SORT], [FUNC_DESC], [FUNC_ICON]) VALUES (N'5FDEE3AB-6D32-4C5F-AD65-EF1EE5FFBAE6', N'附件管理', N'funcnode', N'1F617665-FC8B-4E8C-ABE4-540C363A17A8', N'00000000-0000-0000-00000000000000001', N'1', N'8', N'', null)
;
INSERT INTO [dbo].[SYS_FUNCTION] ([FUNC_ID], [FUNC_NAME], [FUNC_TYPE], [MAIN_HANDLER], [FUNC_PID], [FUNC_STATE], [FUNC_SORT], [FUNC_DESC], [FUNC_ICON]) VALUES (N'67BA273A-DD31-48D0-B78C-1D60D5316074', N'系统日志', N'funcnode', N'494DF09B-7573-4CCA-85C1-97F4DC58C86B', N'00000000-0000-0000-00000000000000001', N'1', N'7', null, null)
;
INSERT INTO [dbo].[SYS_FUNCTION] ([FUNC_ID], [FUNC_NAME], [FUNC_TYPE], [MAIN_HANDLER], [FUNC_PID], [FUNC_STATE], [FUNC_SORT], [FUNC_DESC], [FUNC_ICON]) VALUES (N'692B0D37-2E66-4E82-92B4-E59BCF76EE76', N'编码管理', N'funcnode', N'B4FE5722-9EA6-47D8-8770-D999A3F6A354', N'00000000-0000-0000-00000000000000001', N'1', N'6', null, null)
;
INSERT INTO [dbo].[SYS_FUNCTION] ([FUNC_ID], [FUNC_NAME], [FUNC_TYPE], [MAIN_HANDLER], [FUNC_PID], [FUNC_STATE], [FUNC_SORT], [FUNC_DESC], [FUNC_ICON]) VALUES (N'72D2FDBA-6400-4C48-A462-BA5E5B996631', N'账户查询', N'funcnode', N'6BA56996-4F31-464F-B230-A7E764CCC547', N'AD5188DB-BF4F-4CFB-853E-8CA469D3E477', N'1', N'2', N'', null)
;
INSERT INTO [dbo].[SYS_FUNCTION] ([FUNC_ID], [FUNC_NAME], [FUNC_TYPE], [MAIN_HANDLER], [FUNC_PID], [FUNC_STATE], [FUNC_SORT], [FUNC_DESC], [FUNC_ICON]) VALUES (N'8C84B439-2788-4608-89C4-8F5AA076D124', N'组织机构', N'funcnode', N'439949F0-C6B7-49FF-8ED1-2A1B5062E7B9', N'00000000-0000-0000-00000000000000001', N'1', N'1', null, null)
;
INSERT INTO [dbo].[SYS_FUNCTION] ([FUNC_ID], [FUNC_NAME], [FUNC_TYPE], [MAIN_HANDLER], [FUNC_PID], [FUNC_STATE], [FUNC_SORT], [FUNC_DESC], [FUNC_ICON]) VALUES (N'A0334956-426E-4E49-831B-EB00E37285FD', N'编码类型', N'funcnode', N'9A16D554-F989-438A-B92D-C8C8AC6BF9B8', N'00000000-0000-0000-00000000000000001', N'1', N'5', null, null)
;
INSERT INTO [dbo].[SYS_FUNCTION] ([FUNC_ID], [FUNC_NAME], [FUNC_TYPE], [MAIN_HANDLER], [FUNC_PID], [FUNC_STATE], [FUNC_SORT], [FUNC_DESC], [FUNC_ICON]) VALUES (N'AD5188DB-BF4F-4CFB-853E-8CA469D3E477', N'样例功能', N'funcmenu', N'', N'00000000-0000-0000-00000000000000000', N'1', N'100', N'', null)
;
INSERT INTO [dbo].[SYS_FUNCTION] ([FUNC_ID], [FUNC_NAME], [FUNC_TYPE], [MAIN_HANDLER], [FUNC_PID], [FUNC_STATE], [FUNC_SORT], [FUNC_DESC], [FUNC_ICON]) VALUES (N'C843A0B6-2837-48A6-9C16-DCB6FFB37790', N'账户管理', N'funcnode', N'048E2C48-1BD4-4EB2-94E4-208835D302EB', N'AD5188DB-BF4F-4CFB-853E-8CA469D3E477', N'1', N'1', N'', null)
;
INSERT INTO [dbo].[SYS_FUNCTION] ([FUNC_ID], [FUNC_NAME], [FUNC_TYPE], [MAIN_HANDLER], [FUNC_PID], [FUNC_STATE], [FUNC_SORT], [FUNC_DESC], [FUNC_ICON]) VALUES (N'C977BC31-C78F-4B16-B0C6-769783E46A06', N'功能管理', N'funcnode', N'46C52D33-8797-4251-951F-F7CA23C76BD7', N'00000000-0000-0000-00000000000000001', N'1', N'4', null, null)
;
INSERT INTO [dbo].[SYS_FUNCTION] ([FUNC_ID], [FUNC_NAME], [FUNC_TYPE], [MAIN_HANDLER], [FUNC_PID], [FUNC_STATE], [FUNC_SORT], [FUNC_DESC], [FUNC_ICON]) VALUES (N'D3582A2A-3173-4F92-B1AD-2F999A2CBE18', N'修改密码', N'funcnode', N'88882DB9-967F-430E-BA9C-D0BBBBD2BD0C', N'00000000-0000-0000-00000000000000001', N'1', N'9', N'', null)
;
INSERT INTO [dbo].[SYS_FUNCTION] ([FUNC_ID], [FUNC_NAME], [FUNC_TYPE], [MAIN_HANDLER], [FUNC_PID], [FUNC_STATE], [FUNC_SORT], [FUNC_DESC], [FUNC_ICON]) VALUES (N'DFE8BE4C-4024-4A7B-8DF2-630003832AE9', N'角色管理', N'funcnode', N'0CE03AD4-FF29-4FDB-8FEE-DA8AA38B649F', N'00000000-0000-0000-00000000000000001', N'1', N'2', null, null)
;
INSERT INTO [dbo].[SYS_FUNCTION] ([FUNC_ID], [FUNC_NAME], [FUNC_TYPE], [MAIN_HANDLER], [FUNC_PID], [FUNC_STATE], [FUNC_SORT], [FUNC_DESC], [FUNC_ICON]) VALUES (N'E5DD18E9-1CF0-4BAA-9A29-03EC56441A2A', N'人员管理', N'funcnode', N'1FE570C2-56C2-4370-8E0A-AC68FEAAD5B7', N'00000000-0000-0000-00000000000000001', N'1', N'3', N'', null)
;

-- ----------------------------
-- Table structure for SYS_HANDLER
-- ----------------------------
CREATE TABLE [dbo].[SYS_HANDLER] (
[HANLER_ID] nvarchar(36) NOT NULL ,
[HANLER_CODE] nvarchar(64) NULL ,
[HANLER_TYPE] nvarchar(32) NULL ,
[HANLER_URL] nvarchar(128) NULL ,
[FUNC_ID] nvarchar(36) NULL 
)


;

-- ----------------------------
-- Records of SYS_HANDLER
-- ----------------------------
INSERT INTO [dbo].[SYS_HANDLER] ([HANLER_ID], [HANLER_CODE], [HANLER_TYPE], [HANLER_URL], [FUNC_ID]) VALUES (N'048E2C48-1BD4-4EB2-94E4-208835D302EB', N'AccountManageList', N'MAIN', null, N'C843A0B6-2837-48A6-9C16-DCB6FFB37790')
;
INSERT INTO [dbo].[SYS_HANDLER] ([HANLER_ID], [HANLER_CODE], [HANLER_TYPE], [HANLER_URL], [FUNC_ID]) VALUES (N'0543DD98-8AE6-4DF1-990E-24CD51E73564', N'ResGroupTreeManage', N'MAIN', null, N'36954650-E79A-4682-8AC2-D3A78461A3D4')
;
INSERT INTO [dbo].[SYS_HANDLER] ([HANLER_ID], [HANLER_CODE], [HANLER_TYPE], [HANLER_URL], [FUNC_ID]) VALUES (N'0CE03AD4-FF29-4FDB-8FEE-DA8AA38B649F', N'SecurityRoleTreeManage', N'MAIN', N'', N'DFE8BE4C-4024-4A7B-8DF2-630003832AE9')
;
INSERT INTO [dbo].[SYS_HANDLER] ([HANLER_ID], [HANLER_CODE], [HANLER_TYPE], [HANLER_URL], [FUNC_ID]) VALUES (N'1157E31B-DA00-406C-BFCF-3BF5B588A5E0', N'SecurityUserManagerTreePick', N'OTHER', N'', N'E5DD18E9-1CF0-4BAA-9A29-03EC56441A2A')
;
INSERT INTO [dbo].[SYS_HANDLER] ([HANLER_ID], [HANLER_CODE], [HANLER_TYPE], [HANLER_URL], [FUNC_ID]) VALUES (N'1D046723-D171-4FAE-BF4E-B1D26483E3E2', N'SecurityUserRGManageList', N'OTHER', N'', N'E5DD18E9-1CF0-4BAA-9A29-03EC56441A2A')
;
INSERT INTO [dbo].[SYS_HANDLER] ([HANLER_ID], [HANLER_CODE], [HANLER_TYPE], [HANLER_URL], [FUNC_ID]) VALUES (N'1F617665-FC8B-4E8C-ABE4-540C363A17A8', N'WcmGeneralGroup8ContentList', N'MAIN', null, N'5FDEE3AB-6D32-4C5F-AD65-EF1EE5FFBAE6')
;
INSERT INTO [dbo].[SYS_HANDLER] ([HANLER_ID], [HANLER_CODE], [HANLER_TYPE], [HANLER_URL], [FUNC_ID]) VALUES (N'1FE570C2-56C2-4370-8E0A-AC68FEAAD5B7', N'SecurityUserList', N'MAIN', null, N'E5DD18E9-1CF0-4BAA-9A29-03EC56441A2A')
;
INSERT INTO [dbo].[SYS_HANDLER] ([HANLER_ID], [HANLER_CODE], [HANLER_TYPE], [HANLER_URL], [FUNC_ID]) VALUES (N'439949F0-C6B7-49FF-8ED1-2A1B5062E7B9', N'SecurityGroupList', N'MAIN', N'', N'8C84B439-2788-4608-89C4-8F5AA076D124')
;
INSERT INTO [dbo].[SYS_HANDLER] ([HANLER_ID], [HANLER_CODE], [HANLER_TYPE], [HANLER_URL], [FUNC_ID]) VALUES (N'46C52D33-8797-4251-951F-F7CA23C76BD7', N'FunctionTreeManage', N'MAIN', N'', N'C977BC31-C78F-4B16-B0C6-769783E46A06')
;
INSERT INTO [dbo].[SYS_HANDLER] ([HANLER_ID], [HANLER_CODE], [HANLER_TYPE], [HANLER_URL], [FUNC_ID]) VALUES (N'494DF09B-7573-4CCA-85C1-97F4DC58C86B', N'SysLogQueryList', N'MAIN', null, N'67BA273A-DD31-48D0-B78C-1D60D5316074')
;
INSERT INTO [dbo].[SYS_HANDLER] ([HANLER_ID], [HANLER_CODE], [HANLER_TYPE], [HANLER_URL], [FUNC_ID]) VALUES (N'6479AF01-D00B-4A40-B502-98FAF8418E92', N'ResGroup8ContentList', N'MAIN', null, N'2F0F133F-1A6F-4E01-AADD-5B11C97BE6A0')
;
INSERT INTO [dbo].[SYS_HANDLER] ([HANLER_ID], [HANLER_CODE], [HANLER_TYPE], [HANLER_URL], [FUNC_ID]) VALUES (N'6BA56996-4F31-464F-B230-A7E764CCC547', N'AccountQueryList', N'MAIN', null, N'72D2FDBA-6400-4C48-A462-BA5E5B996631')
;
INSERT INTO [dbo].[SYS_HANDLER] ([HANLER_ID], [HANLER_CODE], [HANLER_TYPE], [HANLER_URL], [FUNC_ID]) VALUES (N'87D4B614-DF7E-48D2-BA04-3A31728740D9', N'VoteInfoManageList', N'MAIN', null, N'0855A94F-F8E0-42D6-A0DF-72F1D11C6D0B')
;
INSERT INTO [dbo].[SYS_HANDLER] ([HANLER_ID], [HANLER_CODE], [HANLER_TYPE], [HANLER_URL], [FUNC_ID]) VALUES (N'88882DB9-967F-430E-BA9C-D0BBBBD2BD0C', N'ModifyPassword', N'MAIN', null, N'D3582A2A-3173-4F92-B1AD-2F999A2CBE18')
;
INSERT INTO [dbo].[SYS_HANDLER] ([HANLER_ID], [HANLER_CODE], [HANLER_TYPE], [HANLER_URL], [FUNC_ID]) VALUES (N'946CADBA-3007-4682-84DF-794BA0B2B4C6', N'SecurityUserQuery', N'OTHER', N'', N'E5DD18E9-1CF0-4BAA-9A29-03EC56441A2A')
;
INSERT INTO [dbo].[SYS_HANDLER] ([HANLER_ID], [HANLER_CODE], [HANLER_TYPE], [HANLER_URL], [FUNC_ID]) VALUES (N'9A16D554-F989-438A-B92D-C8C8AC6BF9B8', N'CodeTypeManageList', N'MAIN', null, N'A0334956-426E-4E49-831B-EB00E37285FD')
;
INSERT INTO [dbo].[SYS_HANDLER] ([HANLER_ID], [HANLER_CODE], [HANLER_TYPE], [HANLER_URL], [FUNC_ID]) VALUES (N'B4FE5722-9EA6-47D8-8770-D999A3F6A354', N'CodeListManageList', N'MAIN', null, N'692B0D37-2E66-4E82-92B4-E59BCF76EE76')
;

-- ----------------------------
-- Table structure for SYS_LOG
-- ----------------------------
CREATE TABLE [dbo].[SYS_LOG] (
[ID] nchar(36) NULL ,
[OPER_TIME] datetime2(0) NOT NULL ,
[IP_ADDTRESS] nvarchar(32) NULL ,
[USER_ID] nvarchar(32) NULL ,
[USER_NAME] nvarchar(32) NULL ,
[FUNC_NAME] nvarchar(64) NULL ,
[ACTION_TYPE] nvarchar(32) NULL 
)


;

-- ----------------------------
-- Records of SYS_LOG
-- ----------------------------

-- ----------------------------
-- Table structure for SYS_ONLINECOUNT
-- ----------------------------
CREATE TABLE [dbo].[SYS_ONLINECOUNT] (
[IPADDRRESS] nvarchar(64) NOT NULL ,
[ONLINECOUNT] int NULL 
)


;

-- ----------------------------
-- Records of SYS_ONLINECOUNT
-- ----------------------------

-- ----------------------------
-- Table structure for SYS_OPERATION
-- ----------------------------
CREATE TABLE [dbo].[SYS_OPERATION] (
[OPER_ID] nchar(36) NOT NULL ,
[HANLER_ID] nvarchar(36) NULL ,
[OPER_CODE] nvarchar(64) NULL ,
[OPER_NAME] nvarchar(64) NULL ,
[OPER_ACTIONTPYE] nvarchar(64) NULL ,
[OPER_SORT] int NULL 
)


;

-- ----------------------------
-- Records of SYS_OPERATION
-- ----------------------------
INSERT INTO [dbo].[SYS_OPERATION] ([OPER_ID], [HANLER_ID], [OPER_CODE], [OPER_NAME], [OPER_ACTIONTPYE], [OPER_SORT]) VALUES (N'3EC41FB8-ED98-41F3-B86D-F7473AEDD002', N'494DF09B-7573-4CCA-85C1-97F4DC58C86B', N'viewDetail', N'查看', N'viewDetail', N'1')
;
INSERT INTO [dbo].[SYS_OPERATION] ([OPER_ID], [HANLER_ID], [OPER_CODE], [OPER_NAME], [OPER_ACTIONTPYE], [OPER_SORT]) VALUES (N'6BF7A157-D333-4F40-8612-F61D3FD4D258', N'494DF09B-7573-4CCA-85C1-97F4DC58C86B', N'refreshImgBtn', N'刷新', N'refresh', N'2')
;

-- ----------------------------
-- Table structure for WCM_GENERAL_GROUP
-- ----------------------------
CREATE TABLE [dbo].[WCM_GENERAL_GROUP] (
[GRP_ID] nvarchar(36) NOT NULL ,
[GRP_NAME] nvarchar(64) NULL ,
[GRP_PID] nvarchar(36) NULL ,
[GRP_ORDERNO] int NULL ,
[GRP_IS_SYSTEM] nvarchar(32) NULL ,
[GRP_RES_TYPE_DESC] nvarchar(32) NULL ,
[GRP_RES_TYPE_EXTS] nvarchar(128) NULL ,
[GRP_RES_SIZE_LIMIT] nvarchar(32) NULL ,
[GRP_DESC] nvarchar(128) NULL 
)


;

-- ----------------------------
-- Records of WCM_GENERAL_GROUP
-- ----------------------------
INSERT INTO [dbo].[WCM_GENERAL_GROUP] ([GRP_ID], [GRP_NAME], [GRP_PID], [GRP_ORDERNO], [GRP_IS_SYSTEM], [GRP_RES_TYPE_DESC], [GRP_RES_TYPE_EXTS], [GRP_RES_SIZE_LIMIT], [GRP_DESC]) VALUES (N'77777777-7777-7777-7777-777777777777', N'附件目录', N'', null, N'', N'', N'', N'', N'')
;
INSERT INTO [dbo].[WCM_GENERAL_GROUP] ([GRP_ID], [GRP_NAME], [GRP_PID], [GRP_ORDERNO], [GRP_IS_SYSTEM], [GRP_RES_TYPE_DESC], [GRP_RES_TYPE_EXTS], [GRP_RES_SIZE_LIMIT], [GRP_DESC]) VALUES (N'A6018D88-8345-46EE-A452-CE362FAC72E2', N'视频文件', N'77777777-7777-7777-7777-777777777777', N'1', N'Y', N'视频', N'*.mp4;*.3gp;*.wmv;*.avi;*.rm;*.rmvb;*.flv', N'100MB', N'')
;
INSERT INTO [dbo].[WCM_GENERAL_GROUP] ([GRP_ID], [GRP_NAME], [GRP_PID], [GRP_ORDERNO], [GRP_IS_SYSTEM], [GRP_RES_TYPE_DESC], [GRP_RES_TYPE_EXTS], [GRP_RES_SIZE_LIMIT], [GRP_DESC]) VALUES (N'CF35D1E6-102E-428A-B39C-0072D491D5B1', N'业务附件', N'77777777-7777-7777-7777-777777777777', N'2', N'Y', N'所有资源', N'*.*', N'2MB', N'')
;

-- ----------------------------
-- Table structure for WCM_GENERAL_RESOURCE
-- ----------------------------
CREATE TABLE [dbo].[WCM_GENERAL_RESOURCE] (
[RES_ID] nvarchar(36) NOT NULL ,
[GRP_ID] nvarchar(36) NULL ,
[RES_NAME] nvarchar(64) NULL ,
[RES_SHAREABLE] nvarchar(32) NULL ,
[RES_LOCATION] nvarchar(256) NULL ,
[RES_SIZE] nvarchar(64) NULL ,
[RES_SUFFIX] nvarchar(32) NULL ,
[RES_DESCRIPTION] nvarchar(256) NULL 
)


;

-- ----------------------------
-- Records of WCM_GENERAL_RESOURCE
-- ----------------------------

-- ----------------------------
-- Indexes structure for table SECURITY_GROUP
-- ----------------------------

-- ----------------------------
-- Primary Key structure for table SECURITY_GROUP
-- ----------------------------
ALTER TABLE [dbo].[SECURITY_GROUP] ADD PRIMARY KEY ([GRP_ID])
;

-- ----------------------------
-- Indexes structure for table SECURITY_GROUP_AUTH
-- ----------------------------

-- ----------------------------
-- Primary Key structure for table SECURITY_GROUP_AUTH
-- ----------------------------
ALTER TABLE [dbo].[SECURITY_GROUP_AUTH] ADD PRIMARY KEY ([GRP_AUTH_ID])
;

-- ----------------------------
-- Indexes structure for table SECURITY_RG_AUTH
-- ----------------------------

-- ----------------------------
-- Primary Key structure for table SECURITY_RG_AUTH
-- ----------------------------
ALTER TABLE [dbo].[SECURITY_RG_AUTH] ADD PRIMARY KEY ([RG_AUTH_ID])
;

-- ----------------------------
-- Indexes structure for table SECURITY_ROLE
-- ----------------------------

-- ----------------------------
-- Primary Key structure for table SECURITY_ROLE
-- ----------------------------
ALTER TABLE [dbo].[SECURITY_ROLE] ADD PRIMARY KEY ([ROLE_ID])
;

-- ----------------------------
-- Indexes structure for table SECURITY_ROLE_AUTH
-- ----------------------------

-- ----------------------------
-- Primary Key structure for table SECURITY_ROLE_AUTH
-- ----------------------------
ALTER TABLE [dbo].[SECURITY_ROLE_AUTH] ADD PRIMARY KEY ([ROLE_AUTH_ID])
;

-- ----------------------------
-- Indexes structure for table SECURITY_ROLE_GROUP_REL
-- ----------------------------

-- ----------------------------
-- Primary Key structure for table SECURITY_ROLE_GROUP_REL
-- ----------------------------
ALTER TABLE [dbo].[SECURITY_ROLE_GROUP_REL] ADD PRIMARY KEY ([RG_ID])
;

-- ----------------------------
-- Indexes structure for table SECURITY_USER
-- ----------------------------

-- ----------------------------
-- Primary Key structure for table SECURITY_USER
-- ----------------------------
ALTER TABLE [dbo].[SECURITY_USER] ADD PRIMARY KEY ([USER_ID])
;

-- ----------------------------
-- Indexes structure for table SECURITY_USER_AUTH
-- ----------------------------

-- ----------------------------
-- Primary Key structure for table SECURITY_USER_AUTH
-- ----------------------------
ALTER TABLE [dbo].[SECURITY_USER_AUTH] ADD PRIMARY KEY ([USER_AUTH_ID])
;

-- ----------------------------
-- Indexes structure for table SECURITY_USER_GROUP_REL
-- ----------------------------

-- ----------------------------
-- Primary Key structure for table SECURITY_USER_GROUP_REL
-- ----------------------------
ALTER TABLE [dbo].[SECURITY_USER_GROUP_REL] ADD PRIMARY KEY ([GU_ID])
;

-- ----------------------------
-- Indexes structure for table SECURITY_USER_RG_REL
-- ----------------------------

-- ----------------------------
-- Primary Key structure for table SECURITY_USER_RG_REL
-- ----------------------------
ALTER TABLE [dbo].[SECURITY_USER_RG_REL] ADD PRIMARY KEY ([URG_ID])
;

-- ----------------------------
-- Indexes structure for table SYS_CODELIST
-- ----------------------------

-- ----------------------------
-- Primary Key structure for table SYS_CODELIST
-- ----------------------------
ALTER TABLE [dbo].[SYS_CODELIST] ADD PRIMARY KEY ([TYPE_ID], [CODE_ID])
;

-- ----------------------------
-- Indexes structure for table SYS_CODETYPE
-- ----------------------------

-- ----------------------------
-- Primary Key structure for table SYS_CODETYPE
-- ----------------------------
ALTER TABLE [dbo].[SYS_CODETYPE] ADD PRIMARY KEY ([TYPE_ID])
;

-- ----------------------------
-- Indexes structure for table SYS_FUNCTION
-- ----------------------------

-- ----------------------------
-- Primary Key structure for table SYS_FUNCTION
-- ----------------------------
ALTER TABLE [dbo].[SYS_FUNCTION] ADD PRIMARY KEY ([FUNC_ID])
;

-- ----------------------------
-- Indexes structure for table SYS_HANDLER
-- ----------------------------

-- ----------------------------
-- Primary Key structure for table SYS_HANDLER
-- ----------------------------
ALTER TABLE [dbo].[SYS_HANDLER] ADD PRIMARY KEY ([HANLER_ID])
;

-- ----------------------------
-- Indexes structure for table SYS_ONLINECOUNT
-- ----------------------------

-- ----------------------------
-- Primary Key structure for table SYS_ONLINECOUNT
-- ----------------------------
ALTER TABLE [dbo].[SYS_ONLINECOUNT] ADD PRIMARY KEY ([IPADDRRESS])
;

-- ----------------------------
-- Indexes structure for table SYS_OPERATION
-- ----------------------------

-- ----------------------------
-- Primary Key structure for table SYS_OPERATION
-- ----------------------------
ALTER TABLE [dbo].[SYS_OPERATION] ADD PRIMARY KEY ([OPER_ID])
;

-- ----------------------------
-- Indexes structure for table WCM_GENERAL_GROUP
-- ----------------------------

-- ----------------------------
-- Primary Key structure for table WCM_GENERAL_GROUP
-- ----------------------------
ALTER TABLE [dbo].[WCM_GENERAL_GROUP] ADD PRIMARY KEY ([GRP_ID])
;

-- ----------------------------
-- Indexes structure for table WCM_GENERAL_RESOURCE
-- ----------------------------

-- ----------------------------
-- Primary Key structure for table WCM_GENERAL_RESOURCE
-- ----------------------------
ALTER TABLE [dbo].[WCM_GENERAL_RESOURCE] ADD PRIMARY KEY ([RES_ID])
;
